{
  "run_id": "Linear_D256_seed42",
  "test_name": "Linear_D256",
  "seed": 42,
  "n_steps": 4000,
  "D": 256,
  "B": 4,
  "F": 1,
  "policy": "adaptive",
  "regime_duration": 150,
  "csv_path": "nupca3_eval_runs/Linear_D256_seed42.csv",
  "events_path": "nupca3_eval_runs/Linear_D256_seed42_events.jsonl",
  "elapsed_sec": 25.6734459400177,
  "steps_per_sec": 155.80300398105587,
  "mae_global_auc": 1221.9299980582716,
  "mae_anchor_auc": 1239.1554620737566,
  "mae_global_mean": 0.30554393110371636,
  "mae_anchor_mean": 0.30984558292864744,
  "mae_global_early_mean": 0.040890568656923074,
  "mae_global_late_mean": 0.2786715425725511,
  "improvement_simple": -5.815056525517735,
  "phase_sensitivity_std": 1.332900545109001,
  "phase_sign_negative_rate": 1.0,
  "per_regime_mae_global": {
    "0": 0.18355571492366707,
    "1": 0.07290911540228508,
    "2": 0.6738063103652538
  },
  "nodes_final_total": 43,
  "spawns_total": 54,
  "replacements_total": 2,
  "rejected_aliases_total": 7
}