{
  "run_id": "Linear_D64_seed42",
  "test_name": "Linear_D64",
  "seed": 42,
  "n_steps": 6000,
  "D": 64,
  "B": 4,
  "F": 1,
  "policy": "adaptive",
  "regime_duration": 150,
  "csv_path": "nupca3_eval_runs/Linear_D64_seed42.csv",
  "events_path": "nupca3_eval_runs/Linear_D64_seed42_events.jsonl",
  "elapsed_sec": 12.776036024093628,
  "steps_per_sec": 469.62923309584664,
  "mae_global_auc": 1268.3110565808065,
  "mae_anchor_auc": 1268.9086770348233,
  "mae_global_mean": 0.21139245957573208,
  "mae_anchor_mean": 0.21149185091591766,
  "mae_global_early_mean": 0.03446925613587897,
  "mae_global_late_mean": 0.46715018679309783,
  "improvement_simple": -12.552661896703375,
  "phase_sensitivity_std": 0.288366127539201,
  "phase_sign_negative_rate": 1.0,
  "per_regime_mae_global": {
    "0": 0.13332530251340777,
    "1": 0.05455532280580196,
    "2": 0.45230191933585756
  },
  "nodes_final_total": 22,
  "spawns_total": 23,
  "replacements_total": 1,
  "rejected_aliases_total": 5
}